Id,Name,Slug,Question,"Total Votes",IsApproved,CreatedAt,UpdatedAt
22,"I can't remember,' said the Duchess, who seemed.",i-cant-remember-said-the-duchess-who-seemed,"Modi eum esse sit beatae reiciendis harum. Accusantium impedit atque quisquam quo ea. Sapiente illum tempore in ut dolores voluptatem occaecati odit. Eveniet eligendi sint veritatis est deleniti eum. Dolor sed velit id temporibus dolorem eum.",14,,"2022-02-19 07:36:29","2022-04-19 16:18:43"
25,"I've got back to the jury, and the fan, and.",ive-got-back-to-the-jury-and-the-fan-and,"Perferendis culpa esse sed aut adipisci. Incidunt facilis veniam corrupti temporibus fuga reiciendis.

Nihil libero dignissimos illum nihil similique ut repellat. In sunt autem veniam veritatis cumque cumque alias. Eius perspiciatis illum et ea.",44,,"2022-02-04 19:55:08","2022-04-19 16:18:43"
23,"Mock Turtle with a cart-horse, and expecting.",mock-turtle-with-a-cart-horse-and-expecting,"Impedit rem est facilis vero voluptatum vero. Autem quo ex eaque ad eos quisquam esse. Tempora possimus cum ut molestias. Rem non repellat et rerum dolorem asperiores.

Aliquam soluta similique accusantium quo voluptatibus. Adipisci architecto ea labore animi unde quaerat possimus aperiam. Aut voluptatibus libero qui corporis dolor sint tenetur hic.

Omnis sunt consequatur quo nisi esse modi. Nam nisi rem voluptatem velit et. Et consequatur reiciendis facilis esse. Repellendus fugit maiores dolorem qui. Ducimus rerum explicabo aut rerum.

A ratione minima rem eum dolorum et iure. Quidem placeat aut a reprehenderit quo voluptate. Autem quos mollitia rerum fuga.",-4,,"2022-01-27 03:02:35","2022-04-19 16:18:43"
21,"Caterpillar. 'Not QUITE right, I'm afraid,' said.",caterpillar-not-quite-right-im-afraid-said,"Non aut consequatur odit placeat voluptates consequatur ratione. Sunt minima id eum et voluptates. Nesciunt quia ipsa consequatur cum aut.

Sit aut dolor deserunt. Doloribus ea non qui cumque laudantium. Sunt cupiditate modi occaecati eos.

Fugit repudiandae facilis quos animi autem consequuntur necessitatibus. Sed non fugiat aliquid est voluptatem. Minima at non totam neque. Ad voluptas iusto sit ipsa.",41,,"2022-01-26 07:50:55","2022-04-19 16:18:43"
24,"For the Mouse to tell me the truth: did you do.",for-the-mouse-to-tell-me-the-truth-did-you-do,"Id voluptas ipsum adipisci. Nihil inventore et in quia est iusto quae. Earum doloribus odio est vel enim.

Quia dolorem quas harum nulla necessitatibus quasi repellat eveniet. Dolore sapiente molestias voluptatem impedit voluptas. Unde ut laudantium hic incidunt. Vero hic perspiciatis cupiditate explicabo commodi.",41,,"2022-01-18 09:57:57","2022-04-19 16:18:43"
